{"cameraMode":{"drawMode":0,"name":"Shaded","section":"Shading Mode"},"sceneLighting":false,"audioPlay":false,"sceneViewState":{"m_AlwaysRefresh":false,"showFog":true,"showSkybox":false,"showFlares":true,"showImageEffects":true,"showParticleSystems":true,"showVisualEffectGraphs":true,"m_FxEnabled":true},"in2DMode":false,"pivot":{"x":5.960464477539063e-8,"y":1.399999976158142,"z":-1.1920928955078126e-7},"rotation":{"x":-0.2899042069911957,"y":-0.012340345419943333,"z":0.00378018687479198,"w":-0.9570080041885376},"size":0.8660284876823425,"orthographic":false}